{"DownloadTimesHTTP": [[1.9317719000000002], [8.7502359], [103.31907389999999]], "SerialTimesJSON": [[0.036614799999995284], [3.6302756999999986], [44.28253190000001]], "SerialTimesPkl": [[0.01474719999998797], [1.0331405999999959], [21.056950699999987]], "UploadTimesJSON": [[4.321376299999997], [10.894418400000006], [100.8905767]], "UploadTimesPkl": [[4.170063099999993], [8.1411746], [38.47405889999999]], "DownloadTimesIPFSLocalJSON": [[4.183695399999976], [11.216157799999962], [96.45725730000004]], "DownloadTimesIPFSLocalPkl": [[4.176798899999994], [6.382707299999993], [34.15634970000002]], "DeserialTimesJSON": [[0.03132469999991372], [2.893799999999942], [39.789063000000056]], "DeserialTimesPkl": [[0.011013900000079957], [0.7911282999999685], [35.06759939999995]]}