{"DownloadTimesHTTP": [[0.87802540000001, 0.28002750000000276, 0.22914360000000045, 0.259066500000003, 0.35107390000000294], [8.56981350000001, 8.459120400000003, 8.576240499999997, 8.666050100000007, 8.9964844]], "SerialTimesJSON": [[0.03410150000000556, 0.03459490000000187, 0.03468859999998131, 0.03434509999999591, 0.03359529999997335, 0.03526830000001269, 0.03380719999998405, 0.03539500000002249, 0.03349620000000186, 0.03401619999999639], [3.6683960000000013, 3.685811699999988, 3.5495051999999987, 3.5463773000000174, 3.618782500000009, 3.603644199999991, 3.5973253999999883, 3.5680460000000096, 3.531489899999997, 3.62678489999999]], "SerialTimesPkl": [[0.009095500000000811, 0.00929299999998534, 0.008852300000000923, 0.00934099999997784, 0.009021799999999303, 0.009921600000012631, 0.008688500000005206, 0.00902849999999944, 0.009128699999990886, 0.009019599999987804], [0.8451531000000045, 0.8504109999999798, 0.8255625999999836, 0.8231290999999885, 0.8411085999999841, 0.8416136000000165, 0.8279263999999955, 0.8850497000000246, 0.8344030000000089, 0.833902299999977]], "UploadTimesJSON": [[4.267314800000008, 4.132182799999981, 4.136503300000015, 4.153615300000013, 4.177679600000005, 4.1599635000000035, 4.158228500000007, 4.1670277000000056, 4.179493400000013, 4.136417100000017], [8.68105030000001, 8.405634399999997, 8.342391700000007, 8.333104700000007, 8.32785579999998, 8.296345900000006, 8.39109570000005, 8.24117910000001, 8.088920099999996, 8.26355719999998]], "UploadTimesPkl": [[4.13949869999999, 4.146237000000042, 4.080583099999956, 4.12319599999995, 4.092081500000006, 4.090861299999972, 4.085571399999992, 4.117471899999998, 4.107237399999974, 4.114236900000037], [5.637242200000003, 5.542669900000021, 5.5547538000000145, 5.491477400000008, 5.460094000000026, 5.447429, 5.471836499999995, 5.534715899999981, 5.483040399999993, 5.448124300000018]], "DownloadTimesIPFSLocalJSON": [[4.159502099999997, 4.157481800000028, 4.1814233999999715, 4.207150299999967, 4.182649200000014, 4.185510000000022, 4.183407299999999, 4.161172700000066, 4.175461399999904, 4.157178899999963], [10.238571500000035, 10.154481500000031, 10.385480400000006, 10.35394930000001, 10.136330499999985, 10.17983300000003, 10.19544970000004, 10.125581000000011, 10.046365300000048, 10.2707494]], "DownloadTimesIPFSLocalPkl": [[4.134422200000017, 4.122545299999956, 4.137551799999983, 4.14763640000001, 4.120218899999941, 4.1217300999999225, 4.1400710000000345, 4.1449354000000085, 4.145672999999988, 4.143875200000025], [6.39443689999996, 6.329748500000051, 6.354455499999972, 6.310600700000009, 6.24456530000009, 6.29407649999996, 6.26694939999993, 6.330356599999959, 6.327799700000014, 6.281253699999979]], "DeserialTimesJSON": [[0.024652500000001965, 0.029938199999946846, 0.027294200000028468, 0.022123099999930673, 0.022180199999979777, 0.024880899999971007, 0.022963600000025508, 0.02226380000001882, 0.02258319999998548, 0.022474799999940842], [2.259271300000023, 2.2011744000000135, 2.320353100000034, 2.3472798999999895, 2.4615605000000187, 2.4941925000000538, 2.242807800000037, 2.4254743999999846, 2.4174474000000146, 2.277212000000077]], "DeserialTimesPkl": [[0.0073078000000350585, 0.006497200000012526, 0.006315500000027896, 0.006570200000055593, 0.011779100000012477, 0.006702399999994668, 0.006414500000005319, 0.006950699999947574, 0.006483399999979156, 0.0065258000000767424], [0.616634500000032, 0.6371841999999788, 0.6472606999999471, 0.6700789000000213, 0.6293845999999803, 0.6280291000000489, 0.6157087999999931, 0.6401541000000179, 0.6172728000000234, 0.615829700000063]]}